[{"Country":"India","CountryCode":"","Province":"","City":"","CityCode":"","Lat":"0","Lon":"0","Confirmed":0,"Deaths":0,"Recovered":0,"Active":0,"Date":"2020-01-22T00:00:00Z"},{"Country":"India","CountryCode":"","Province":"","City":"","CityCode":"","Lat":"0","Lon":"0","Confirmed":0,"Deaths":0,"Recovered":0,"Active":0,"Date":"2020-01-23T00:00:00Z"},{"Country":"India","CountryCode":"","Province":"","City":"","CityCode":"","Lat":"0","Lon":"0","Confirmed":0,"Deaths":0,"Recovered":0,"Active":0,"Date":"2020-01-24T00:00:00Z"},{"Country":"India","CountryCode":"","Province":"","City":"","CityCode":"","Lat":"0","Lon":"0","Confirmed":0,"Deaths":0,"Recovered":0,"Active":0,"Date":"2020-01-25T00:00:00Z"},{"Country":"India","CountryCode":"","Province":"","City":"","CityCode":"","Lat":"0","Lon":"0","Confirmed":0,"Deaths":0,"Recovered":0,"Active":0,"Date":"2020-01-26T00:00:00Z"},{"Country":"India","CountryCode":"","Province":"","City":"","CityCode":"","Lat":"0","Lon":"0","Confirmed":0,"Deaths":0,"Recovered":0,"Active":0,"Date":"2020-01-27T00:00:00Z"},{"Country":"India","CountryCode":"","Province":"","City":"","CityCode":"","Lat":"0","Lon":"0","Confirmed":0,"Deaths":0,"Recovered":0,"Active":0,"Date":"2020-01-28T00:00:00Z"},{"Country":"India","CountryCode":"","Province":"","City":"","CityCode":"","Lat":"0","Lon":"0","Confirmed":0,"Deaths":0,"Recovered":0,"Active":0,"Date":"2020-01-29T00:00:00Z"},{"Country":"India","CountryCode":"","Province":"","City":"","CityCode":"","Lat":"0","Lon":"0","Confirmed":1,"Deaths":0,"Recovered":0,"Active":1,"Date":"2020-01-30T00:00:00Z"},{"Country":"India","CountryCode":"","Province":"","City":"","CityCode":"","Lat":"0","Lon":"0","Confirmed":1,"Deaths":0,"Recovered":0,"Active":1,"Date":"2020-01-31T00:00:00Z"},{"Country":"India","CountryCode":"","Province":"","City":"","CityCode":"","Lat":"0","Lon":"0","Confirmed":1,"Deaths":0,"Recovered":0,"Active":1,"Date":"2020-02-01T00:00:00Z"},{"Country":"India","CountryCode":"","Province":"","City":"","CityCode":"","Lat":"0","Lon":"0","Confirmed":2,"Deaths":0,"Recovered":0,"Active":2,"Date":"2020-02-02T00:00:00Z"},{"Country":"India","CountryCode":"","Province":"","City":"","CityCode":"","Lat":"0","Lon":"0","Confirmed":3,"Deaths":0,"Recovered":0,"Active":3,"Date":"2020-02-03T00:00:00Z"},{"Country":"India","CountryCode":"","Province":"","City":"","CityCode":"","Lat":"0","Lon":"0","Confirmed":3,"Deaths":0,"Recovered":0,"Active":3,"Date":"2020-02-04T00:00:00Z"},{"Country":"India","CountryCode":"","Province":"","City":"","CityCode":"","Lat":"0","Lon":"0","Confirmed":3,"Deaths":0,"Recovered":0,"Active":3,"Date":"2020-02-05T00:00:00Z"},{"Country":"India","CountryCode":"","Province":"","City":"","CityCode":"","Lat":"0","Lon":"0","Confirmed":3,"Deaths":0,"Recovered":0,"Active":3,"Date":"2020-02-06T00:00:00Z"},{"Country":"India","CountryCode":"","Province":"","City":"","CityCode":"","Lat":"0","Lon":"0","Confirmed":3,"Deaths":0,"Recovered":0,"Active":3,"Date":"2020-02-07T00:00:00Z"},{"Country":"India","CountryCode":"","Province":"","City":"","CityCode":"","Lat":"0","Lon":"0","Confirmed":3,"Deaths":0,"Recovered":0,"Active":3,"Date":"2020-02-08T00:00:00Z"},{"Country":"India","CountryCode":"","Province":"","City":"","CityCode":"","Lat":"0","Lon":"0","Confirmed":3,"Deaths":0,"Recovered":0,"Active":3,"Date":"2020-02-09T00:00:00Z"},{"Country":"India","CountryCode":"","Province":"","City":"","CityCode":"","Lat":"0","Lon":"0","Confirmed":3,"Deaths":0,"Recovered":0,"Active":3,"Date":"2020-02-10T00:00:00Z"},{"Country":"India","CountryCode":"","Province":"","City":"","CityCode":"","Lat":"0","Lon":"0","Confirmed":3,"Deaths":0,"Recovered":0,"Active":3,"Date":"2020-02-11T00:00:00Z"},{"Country":"India","CountryCode":"","Province":"","City":"","CityCode":"","Lat":"0","Lon":"0","Confirmed":3,"Deaths":0,"Recovered":0,"Active":3,"Date":"2020-02-12T00:00:00Z"},{"Country":"India","CountryCode":"","Province":"","City":"","CityCode":"","Lat":"0","Lon":"0","Confirmed":3,"Deaths":0,"Recovered":0,"Active":3,"Date":"2020-02-13T00:00:00Z"},{"Country":"India","CountryCode":"","Province":"","City":"","CityCode":"","Lat":"0","Lon":"0","Confirmed":3,"Deaths":0,"Recovered":0,"Active":3,"Date":"2020-02-14T00:00:00Z"},{"Country":"India","CountryCode":"","Province":"","City":"","CityCode":"","Lat":"0","Lon":"0","Confirmed":3,"Deaths":0,"Recovered":0,"Active":3,"Date":"2020-02-15T00:00:00Z"},{"Country":"India","CountryCode":"","Province":"","City":"","CityCode":"","Lat":"0","Lon":"0","Confirmed":3,"Deaths":0,"Recovered":3,"Active":0,"Date":"2020-02-16T00:00:00Z"},{"Country":"India","CountryCode":"","Province":"","City":"","CityCode":"","Lat":"0","Lon":"0","Confirmed":3,"Deaths":0,"Recovered":3,"Active":0,"Date":"2020-02-17T00:00:00Z"},{"Country":"India","CountryCode":"","Province":"","City":"","CityCode":"","Lat":"0","Lon":"0","Confirmed":3,"Deaths":0,"Recovered":3,"Active":0,"Date":"2020-02-18T00:00:00Z"},{"Country":"India","CountryCode":"","Province":"","City":"","CityCode":"","Lat":"0","Lon":"0","Confirmed":3,"Deaths":0,"Recovered":3,"Active":0,"Date":"2020-02-19T00:00:00Z"},{"Country":"India","CountryCode":"","Province":"","City":"","CityCode":"","Lat":"0","Lon":"0","Confirmed":3,"Deaths":0,"Recovered":3,"Active":0,"Date":"2020-02-20T00:00:00Z"},{"Country":"India","CountryCode":"","Province":"","City":"","CityCode":"","Lat":"0","Lon":"0","Confirmed":3,"Deaths":0,"Recovered":3,"Active":0,"Date":"2020-02-21T00:00:00Z"},{"Country":"India","CountryCode":"","Province":"","City":"","CityCode":"","Lat":"0","Lon":"0","Confirmed":3,"Deaths":0,"Recovered":3,"Active":0,"Date":"2020-02-22T00:00:00Z"},{"Country":"India","CountryCode":"","Province":"","City":"","CityCode":"","Lat":"0","Lon":"0","Confirmed":3,"Deaths":0,"Recovered":3,"Active":0,"Date":"2020-02-23T00:00:00Z"},{"Country":"India","CountryCode":"","Province":"","City":"","CityCode":"","Lat":"0","Lon":"0","Confirmed":3,"Deaths":0,"Recovered":3,"Active":0,"Date":"2020-02-24T00:00:00Z"},{"Country":"India","CountryCode":"","Province":"","City":"","CityCode":"","Lat":"0","Lon":"0","Confirmed":3,"Deaths":0,"Recovered":3,"Active":0,"Date":"2020-02-25T00:00:00Z"},{"Country":"India","CountryCode":"","Province":"","City":"","CityCode":"","Lat":"0","Lon":"0","Confirmed":3,"Deaths":0,"Recovered":3,"Active":0,"Date":"2020-02-26T00:00:00Z"},{"Country":"India","CountryCode":"","Province":"","City":"","CityCode":"","Lat":"0","Lon":"0","Confirmed":3,"Deaths":0,"Recovered":3,"Active":0,"Date":"2020-02-27T00:00:00Z"},{"Country":"India","CountryCode":"","Province":"","City":"","CityCode":"","Lat":"0","Lon":"0","Confirmed":3,"Deaths":0,"Recovered":3,"Active":0,"Date":"2020-02-28T00:00:00Z"},{"Country":"India","CountryCode":"","Province":"","City":"","CityCode":"","Lat":"0","Lon":"0","Confirmed":3,"Deaths":0,"Recovered":3,"Active":0,"Date":"2020-02-29T00:00:00Z"},{"Country":"India","CountryCode":"","Province":"","City":"","CityCode":"","Lat":"0","Lon":"0","Confirmed":3,"Deaths":0,"Recovered":3,"Active":0,"Date":"2020-03-01T00:00:00Z"},{"Country":"India","CountryCode":"","Province":"","City":"","CityCode":"","Lat":"0","Lon":"0","Confirmed":5,"Deaths":0,"Recovered":3,"Active":2,"Date":"2020-03-02T00:00:00Z"},{"Country":"India","CountryCode":"","Province":"","City":"","CityCode":"","Lat":"0","Lon":"0","Confirmed":5,"Deaths":0,"Recovered":3,"Active":2,"Date":"2020-03-03T00:00:00Z"},{"Country":"India","CountryCode":"","Province":"","City":"","CityCode":"","Lat":"0","Lon":"0","Confirmed":28,"Deaths":0,"Recovered":3,"Active":25,"Date":"2020-03-04T00:00:00Z"},{"Country":"India","CountryCode":"","Province":"","City":"","CityCode":"","Lat":"0","Lon":"0","Confirmed":30,"Deaths":0,"Recovered":3,"Active":27,"Date":"2020-03-05T00:00:00Z"},{"Country":"India","CountryCode":"","Province":"","City":"","CityCode":"","Lat":"0","Lon":"0","Confirmed":31,"Deaths":0,"Recovered":3,"Active":28,"Date":"2020-03-06T00:00:00Z"},{"Country":"India","CountryCode":"","Province":"","City":"","CityCode":"","Lat":"0","Lon":"0","Confirmed":34,"Deaths":0,"Recovered":3,"Active":31,"Date":"2020-03-07T00:00:00Z"},{"Country":"India","CountryCode":"","Province":"","City":"","CityCode":"","Lat":"0","Lon":"0","Confirmed":39,"Deaths":0,"Recovered":3,"Active":36,"Date":"2020-03-08T00:00:00Z"},{"Country":"India","CountryCode":"","Province":"","City":"","CityCode":"","Lat":"0","Lon":"0","Confirmed":43,"Deaths":0,"Recovered":3,"Active":40,"Date":"2020-03-09T00:00:00Z"},{"Country":"India","CountryCode":"","Province":"","City":"","CityCode":"","Lat":"0","Lon":"0","Confirmed":56,"Deaths":0,"Recovered":4,"Active":52,"Date":"2020-03-10T00:00:00Z"},{"Country":"India","CountryCode":"","Province":"","City":"","CityCode":"","Lat":"0","Lon":"0","Confirmed":62,"Deaths":1,"Recovered":4,"Active":57,"Date":"2020-03-11T00:00:00Z"},{"Country":"India","CountryCode":"","Province":"","City":"","CityCode":"","Lat":"0","Lon":"0","Confirmed":73,"Deaths":1,"Recovered":4,"Active":68,"Date":"2020-03-12T00:00:00Z"},{"Country":"India","CountryCode":"","Province":"","City":"","CityCode":"","Lat":"0","Lon":"0","Confirmed":82,"Deaths":2,"Recovered":4,"Active":76,"Date":"2020-03-13T00:00:00Z"},{"Country":"India","CountryCode":"","Province":"","City":"","CityCode":"","Lat":"0","Lon":"0","Confirmed":102,"Deaths":2,"Recovered":4,"Active":96,"Date":"2020-03-14T00:00:00Z"},{"Country":"India","CountryCode":"","Province":"","City":"","CityCode":"","Lat":"0","Lon":"0","Confirmed":113,"Deaths":2,"Recovered":13,"Active":98,"Date":"2020-03-15T00:00:00Z"},{"Country":"India","CountryCode":"","Province":"","City":"","CityCode":"","Lat":"0","Lon":"0","Confirmed":119,"Deaths":2,"Recovered":13,"Active":104,"Date":"2020-03-16T00:00:00Z"},{"Country":"India","CountryCode":"","Province":"","City":"","CityCode":"","Lat":"0","Lon":"0","Confirmed":142,"Deaths":3,"Recovered":14,"Active":125,"Date":"2020-03-17T00:00:00Z"},{"Country":"India","CountryCode":"","Province":"","City":"","CityCode":"","Lat":"0","Lon":"0","Confirmed":156,"Deaths":3,"Recovered":14,"Active":139,"Date":"2020-03-18T00:00:00Z"},{"Country":"India","CountryCode":"","Province":"","City":"","CityCode":"","Lat":"0","Lon":"0","Confirmed":194,"Deaths":4,"Recovered":15,"Active":175,"Date":"2020-03-19T00:00:00Z"},{"Country":"India","CountryCode":"","Province":"","City":"","CityCode":"","Lat":"0","Lon":"0","Confirmed":244,"Deaths":5,"Recovered":20,"Active":219,"Date":"2020-03-20T00:00:00Z"},{"Country":"India","CountryCode":"","Province":"","City":"","CityCode":"","Lat":"0","Lon":"0","Confirmed":330,"Deaths":4,"Recovered":23,"Active":303,"Date":"2020-03-21T00:00:00Z"},{"Country":"India","CountryCode":"","Province":"","City":"","CityCode":"","Lat":"0","Lon":"0","Confirmed":396,"Deaths":7,"Recovered":27,"Active":362,"Date":"2020-03-22T00:00:00Z"},{"Country":"India","CountryCode":"","Province":"","City":"","CityCode":"","Lat":"0","Lon":"0","Confirmed":499,"Deaths":10,"Recovered":27,"Active":462,"Date":"2020-03-23T00:00:00Z"},{"Country":"India","CountryCode":"","Province":"","City":"","CityCode":"","Lat":"0","Lon":"0","Confirmed":536,"Deaths":10,"Recovered":40,"Active":486,"Date":"2020-03-24T00:00:00Z"},{"Country":"India","CountryCode":"","Province":"","City":"","CityCode":"","Lat":"0","Lon":"0","Confirmed":657,"Deaths":12,"Recovered":43,"Active":602,"Date":"2020-03-25T00:00:00Z"},{"Country":"India","CountryCode":"","Province":"","City":"","CityCode":"","Lat":"0","Lon":"0","Confirmed":727,"Deaths":20,"Recovered":45,"Active":662,"Date":"2020-03-26T00:00:00Z"},{"Country":"India","CountryCode":"","Province":"","City":"","CityCode":"","Lat":"0","Lon":"0","Confirmed":887,"Deaths":20,"Recovered":73,"Active":794,"Date":"2020-03-27T00:00:00Z"},{"Country":"India","CountryCode":"","Province":"","City":"","CityCode":"","Lat":"0","Lon":"0","Confirmed":987,"Deaths":24,"Recovered":84,"Active":879,"Date":"2020-03-28T00:00:00Z"},{"Country":"India","CountryCode":"","Province":"","City":"","CityCode":"","Lat":"0","Lon":"0","Confirmed":1024,"Deaths":27,"Recovered":95,"Active":902,"Date":"2020-03-29T00:00:00Z"},{"Country":"India","CountryCode":"","Province":"","City":"","CityCode":"","Lat":"0","Lon":"0","Confirmed":1251,"Deaths":32,"Recovered":102,"Active":1117,"Date":"2020-03-30T00:00:00Z"},{"Country":"India","CountryCode":"","Province":"","City":"","CityCode":"","Lat":"0","Lon":"0","Confirmed":1397,"Deaths":35,"Recovered":123,"Active":1239,"Date":"2020-03-31T00:00:00Z"},{"Country":"India","CountryCode":"","Province":"","City":"","CityCode":"","Lat":"0","Lon":"0","Confirmed":1998,"Deaths":58,"Recovered":148,"Active":1792,"Date":"2020-04-01T00:00:00Z"},{"Country":"India","CountryCode":"","Province":"","City":"","CityCode":"","Lat":"0","Lon":"0","Confirmed":2543,"Deaths":72,"Recovered":191,"Active":2280,"Date":"2020-04-02T00:00:00Z"},{"Country":"India","CountryCode":"","Province":"","City":"","CityCode":"","Lat":"0","Lon":"0","Confirmed":2567,"Deaths":72,"Recovered":192,"Active":2303,"Date":"2020-04-03T00:00:00Z"},{"Country":"India","CountryCode":"","Province":"","City":"","CityCode":"","Lat":"0","Lon":"0","Confirmed":3082,"Deaths":86,"Recovered":229,"Active":2767,"Date":"2020-04-04T00:00:00Z"},{"Country":"India","CountryCode":"","Province":"","City":"","CityCode":"","Lat":"0","Lon":"0","Confirmed":3588,"Deaths":99,"Recovered":229,"Active":3260,"Date":"2020-04-05T00:00:00Z"},{"Country":"India","CountryCode":"","Province":"","City":"","CityCode":"","Lat":"0","Lon":"0","Confirmed":4778,"Deaths":136,"Recovered":375,"Active":4267,"Date":"2020-04-06T00:00:00Z"},{"Country":"India","CountryCode":"","Province":"","City":"","CityCode":"","Lat":"0","Lon":"0","Confirmed":5311,"Deaths":150,"Recovered":421,"Active":4740,"Date":"2020-04-07T00:00:00Z"},{"Country":"India","CountryCode":"","Province":"","City":"","CityCode":"","Lat":"0","Lon":"0","Confirmed":5916,"Deaths":178,"Recovered":506,"Active":5232,"Date":"2020-04-08T00:00:00Z"},{"Country":"India","CountryCode":"","Province":"","City":"","CityCode":"","Lat":"0","Lon":"0","Confirmed":6725,"Deaths":226,"Recovered":620,"Active":5879,"Date":"2020-04-09T00:00:00Z"},{"Country":"India","CountryCode":"","Province":"","City":"","CityCode":"","Lat":"0","Lon":"0","Confirmed":7598,"Deaths":246,"Recovered":774,"Active":6578,"Date":"2020-04-10T00:00:00Z"},{"Country":"India","CountryCode":"","Province":"","City":"","CityCode":"","Lat":"0","Lon":"0","Confirmed":8446,"Deaths":288,"Recovered":969,"Active":7189,"Date":"2020-04-11T00:00:00Z"},{"Country":"India","CountryCode":"","Province":"","City":"","CityCode":"","Lat":"0","Lon":"0","Confirmed":9205,"Deaths":331,"Recovered":1080,"Active":7794,"Date":"2020-04-12T00:00:00Z"},{"Country":"India","CountryCode":"","Province":"","City":"","CityCode":"","Lat":"0","Lon":"0","Confirmed":10453,"Deaths":358,"Recovered":1181,"Active":8914,"Date":"2020-04-13T00:00:00Z"},{"Country":"India","CountryCode":"","Province":"","City":"","CityCode":"","Lat":"0","Lon":"0","Confirmed":11487,"Deaths":393,"Recovered":1359,"Active":9735,"Date":"2020-04-14T00:00:00Z"},{"Country":"India","CountryCode":"","Province":"","City":"","CityCode":"","Lat":"0","Lon":"0","Confirmed":12322,"Deaths":405,"Recovered":1432,"Active":10485,"Date":"2020-04-15T00:00:00Z"},{"Country":"India","CountryCode":"","Province":"","City":"","CityCode":"","Lat":"0","Lon":"0","Confirmed":13430,"Deaths":448,"Recovered":1768,"Active":11214,"Date":"2020-04-16T00:00:00Z"},{"Country":"India","CountryCode":"","Province":"","City":"","CityCode":"","Lat":"0","Lon":"0","Confirmed":14352,"Deaths":486,"Recovered":2041,"Active":11825,"Date":"2020-04-17T00:00:00Z"},{"Country":"India","CountryCode":"","Province":"","City":"","CityCode":"","Lat":"0","Lon":"0","Confirmed":15722,"Deaths":521,"Recovered":2463,"Active":12738,"Date":"2020-04-18T00:00:00Z"},{"Country":"India","CountryCode":"","Province":"","City":"","CityCode":"","Lat":"0","Lon":"0","Confirmed":17615,"Deaths":559,"Recovered":2854,"Active":14202,"Date":"2020-04-19T00:00:00Z"},{"Country":"India","CountryCode":"","Province":"","City":"","CityCode":"","Lat":"0","Lon":"0","Confirmed":18539,"Deaths":592,"Recovered":3273,"Active":14674,"Date":"2020-04-20T00:00:00Z"},{"Country":"India","CountryCode":"","Province":"","City":"","CityCode":"","Lat":"0","Lon":"0","Confirmed":20080,"Deaths":645,"Recovered":3975,"Active":15460,"Date":"2020-04-21T00:00:00Z"},{"Country":"India","CountryCode":"","Province":"","City":"","CityCode":"","Lat":"0","Lon":"0","Confirmed":21370,"Deaths":681,"Recovered":4370,"Active":16319,"Date":"2020-04-22T00:00:00Z"},{"Country":"India","CountryCode":"","Province":"","City":"","CityCode":"","Lat":"0","Lon":"0","Confirmed":23077,"Deaths":721,"Recovered":5012,"Active":17344,"Date":"2020-04-23T00:00:00Z"},{"Country":"India","CountryCode":"","Province":"","City":"","CityCode":"","Lat":"0","Lon":"0","Confirmed":24530,"Deaths":780,"Recovered":5498,"Active":18252,"Date":"2020-04-24T00:00:00Z"},{"Country":"India","CountryCode":"","Province":"","City":"","CityCode":"","Lat":"0","Lon":"0","Confirmed":26283,"Deaths":825,"Recovered":5939,"Active":19519,"Date":"2020-04-25T00:00:00Z"},{"Country":"India","CountryCode":"","Province":"","City":"","CityCode":"","Lat":"0","Lon":"0","Confirmed":27890,"Deaths":881,"Recovered":6523,"Active":20486,"Date":"2020-04-26T00:00:00Z"},{"Country":"India","CountryCode":"","Province":"","City":"","CityCode":"","Lat":"0","Lon":"0","Confirmed":29451,"Deaths":939,"Recovered":7137,"Active":21375,"Date":"2020-04-27T00:00:00Z"},{"Country":"India","CountryCode":"","Province":"","City":"","CityCode":"","Lat":"0","Lon":"0","Confirmed":31324,"Deaths":1008,"Recovered":7747,"Active":22569,"Date":"2020-04-28T00:00:00Z"},{"Country":"India","CountryCode":"","Province":"","City":"","CityCode":"","Lat":"0","Lon":"0","Confirmed":33062,"Deaths":1079,"Recovered":8437,"Active":23546,"Date":"2020-04-29T00:00:00Z"},{"Country":"India","CountryCode":"","Province":"","City":"","CityCode":"","Lat":"0","Lon":"0","Confirmed":34863,"Deaths":1154,"Recovered":9068,"Active":24641,"Date":"2020-04-30T00:00:00Z"},{"Country":"India","CountryCode":"","Province":"","City":"","CityCode":"","Lat":"0","Lon":"0","Confirmed":37257,"Deaths":1223,"Recovered":10007,"Active":26027,"Date":"2020-05-01T00:00:00Z"},{"Country":"India","CountryCode":"","Province":"","City":"","CityCode":"","Lat":"0","Lon":"0","Confirmed":39699,"Deaths":1323,"Recovered":10819,"Active":27557,"Date":"2020-05-02T00:00:00Z"},{"Country":"India","CountryCode":"","Province":"","City":"","CityCode":"","Lat":"0","Lon":"0","Confirmed":42505,"Deaths":1391,"Recovered":11775,"Active":29339,"Date":"2020-05-03T00:00:00Z"},{"Country":"India","CountryCode":"","Province":"","City":"","CityCode":"","Lat":"0","Lon":"0","Confirmed":46437,"Deaths":1566,"Recovered":12847,"Active":32024,"Date":"2020-05-04T00:00:00Z"},{"Country":"India","CountryCode":"","Province":"","City":"","CityCode":"","Lat":"0","Lon":"0","Confirmed":49400,"Deaths":1693,"Recovered":14142,"Active":33565,"Date":"2020-05-05T00:00:00Z"},{"Country":"India","CountryCode":"","Province":"","City":"","CityCode":"","Lat":"0","Lon":"0","Confirmed":52987,"Deaths":1785,"Recovered":15331,"Active":35871,"Date":"2020-05-06T00:00:00Z"},{"Country":"India","CountryCode":"","Province":"","City":"","CityCode":"","Lat":"0","Lon":"0","Confirmed":56351,"Deaths":1889,"Recovered":16776,"Active":37686,"Date":"2020-05-07T00:00:00Z"},{"Country":"India","CountryCode":"","Province":"","City":"","CityCode":"","Lat":"0","Lon":"0","Confirmed":59695,"Deaths":1985,"Recovered":17887,"Active":39823,"Date":"2020-05-08T00:00:00Z"},{"Country":"India","CountryCode":"","Province":"","City":"","CityCode":"","Lat":"0","Lon":"0","Confirmed":62808,"Deaths":2101,"Recovered":19301,"Active":41406,"Date":"2020-05-09T00:00:00Z"},{"Country":"India","CountryCode":"","Province":"","City":"","CityCode":"","Lat":"0","Lon":"0","Confirmed":67161,"Deaths":2212,"Recovered":20969,"Active":43980,"Date":"2020-05-10T00:00:00Z"},{"Country":"India","CountryCode":"","Province":"","City":"","CityCode":"","Lat":"0","Lon":"0","Confirmed":70768,"Deaths":2294,"Recovered":22549,"Active":45925,"Date":"2020-05-11T00:00:00Z"},{"Country":"India","CountryCode":"","Province":"","City":"","CityCode":"","Lat":"0","Lon":"0","Confirmed":74292,"Deaths":2415,"Recovered":24420,"Active":47457,"Date":"2020-05-12T00:00:00Z"},{"Country":"India","CountryCode":"","Province":"","City":"","CityCode":"","Lat":"0","Lon":"0","Confirmed":78055,"Deaths":2551,"Recovered":26400,"Active":49104,"Date":"2020-05-13T00:00:00Z"},{"Country":"India","CountryCode":"","Province":"","City":"","CityCode":"","Lat":"0","Lon":"0","Confirmed":81997,"Deaths":2649,"Recovered":27969,"Active":51379,"Date":"2020-05-14T00:00:00Z"},{"Country":"India","CountryCode":"","Province":"","City":"","CityCode":"","Lat":"0","Lon":"0","Confirmed":85784,"Deaths":2753,"Recovered":30258,"Active":52773,"Date":"2020-05-15T00:00:00Z"},{"Country":"India","CountryCode":"","Province":"","City":"","CityCode":"","Lat":"0","Lon":"0","Confirmed":90648,"Deaths":2871,"Recovered":34224,"Active":53553,"Date":"2020-05-16T00:00:00Z"},{"Country":"India","CountryCode":"","Province":"","City":"","CityCode":"","Lat":"0","Lon":"0","Confirmed":95698,"Deaths":3025,"Recovered":36795,"Active":55878,"Date":"2020-05-17T00:00:00Z"},{"Country":"India","CountryCode":"","Province":"","City":"","CityCode":"","Lat":"0","Lon":"0","Confirmed":100328,"Deaths":3156,"Recovered":39233,"Active":57939,"Date":"2020-05-18T00:00:00Z"},{"Country":"India","CountryCode":"","Province":"","City":"","CityCode":"","Lat":"0","Lon":"0","Confirmed":106475,"Deaths":3302,"Recovered":42309,"Active":60864,"Date":"2020-05-19T00:00:00Z"},{"Country":"India","CountryCode":"","Province":"","City":"","CityCode":"","Lat":"0","Lon":"0","Confirmed":112028,"Deaths":3434,"Recovered":45422,"Active":63172,"Date":"2020-05-20T00:00:00Z"},{"Country":"India","CountryCode":"","Province":"","City":"","CityCode":"","Lat":"0","Lon":"0","Confirmed":118226,"Deaths":3584,"Recovered":48553,"Active":66089,"Date":"2020-05-21T00:00:00Z"},{"Country":"India","CountryCode":"","Province":"","City":"","CityCode":"","Lat":"0","Lon":"0","Confirmed":124794,"Deaths":3726,"Recovered":51824,"Active":69244,"Date":"2020-05-22T00:00:00Z"},{"Country":"India","CountryCode":"","Province":"","City":"","CityCode":"","Lat":"0","Lon":"0","Confirmed":131423,"Deaths":3868,"Recovered":54385,"Active":73170,"Date":"2020-05-23T00:00:00Z"},{"Country":"India","CountryCode":"","Province":"","City":"","CityCode":"","Lat":"0","Lon":"0","Confirmed":138536,"Deaths":4024,"Recovered":57692,"Active":76820,"Date":"2020-05-24T00:00:00Z"},{"Country":"India","CountryCode":"","Province":"","City":"","CityCode":"","Lat":"0","Lon":"0","Confirmed":144950,"Deaths":4172,"Recovered":60706,"Active":80072,"Date":"2020-05-25T00:00:00Z"},{"Country":"India","CountryCode":"","Province":"","City":"","CityCode":"","Lat":"0","Lon":"0","Confirmed":150793,"Deaths":4344,"Recovered":64277,"Active":82172,"Date":"2020-05-26T00:00:00Z"},{"Country":"India","CountryCode":"","Province":"","City":"","CityCode":"","Lat":"0","Lon":"0","Confirmed":158086,"Deaths":4534,"Recovered":67749,"Active":85803,"Date":"2020-05-27T00:00:00Z"},{"Country":"India","CountryCode":"","Province":"","City":"","CityCode":"","Lat":"0","Lon":"0","Confirmed":165386,"Deaths":4711,"Recovered":70920,"Active":89755,"Date":"2020-05-28T00:00:00Z"},{"Country":"India","CountryCode":"","Province":"","City":"","CityCode":"","Lat":"0","Lon":"0","Confirmed":173491,"Deaths":4980,"Recovered":82627,"Active":85884,"Date":"2020-05-29T00:00:00Z"},{"Country":"India","CountryCode":"","Province":"","City":"","CityCode":"","Lat":"0","Lon":"0","Confirmed":181827,"Deaths":5185,"Recovered":86936,"Active":89706,"Date":"2020-05-30T00:00:00Z"},{"Country":"India","CountryCode":"","Province":"","City":"","CityCode":"","Lat":"0","Lon":"0","Confirmed":190609,"Deaths":5408,"Recovered":91852,"Active":93349,"Date":"2020-05-31T00:00:00Z"},{"Country":"India","CountryCode":"","Province":"","City":"","CityCode":"","Lat":"0","Lon":"0","Confirmed":198370,"Deaths":5608,"Recovered":95754,"Active":97008,"Date":"2020-06-01T00:00:00Z"},{"Country":"India","CountryCode":"","Province":"","City":"","CityCode":"","Lat":"0","Lon":"0","Confirmed":207191,"Deaths":5829,"Recovered":100285,"Active":101077,"Date":"2020-06-02T00:00:00Z"},{"Country":"India","CountryCode":"","Province":"","City":"","CityCode":"","Lat":"0","Lon":"0","Confirmed":216824,"Deaths":6088,"Recovered":104071,"Active":106665,"Date":"2020-06-03T00:00:00Z"},{"Country":"India","CountryCode":"","Province":"","City":"","CityCode":"","Lat":"0","Lon":"0","Confirmed":226713,"Deaths":6363,"Recovered":108450,"Active":111900,"Date":"2020-06-04T00:00:00Z"},{"Country":"India","CountryCode":"","Province":"","City":"","CityCode":"","Lat":"0","Lon":"0","Confirmed":236184,"Deaths":6649,"Recovered":113233,"Active":116302,"Date":"2020-06-05T00:00:00Z"},{"Country":"India","CountryCode":"","Province":"","City":"","CityCode":"","Lat":"0","Lon":"0","Confirmed":246622,"Deaths":6946,"Recovered":118695,"Active":120981,"Date":"2020-06-06T00:00:00Z"},{"Country":"India","CountryCode":"","Province":"","City":"","CityCode":"","Lat":"0","Lon":"0","Confirmed":257486,"Deaths":7207,"Recovered":123848,"Active":126431,"Date":"2020-06-07T00:00:00Z"},{"Country":"India","CountryCode":"","Province":"","City":"","CityCode":"","Lat":"0","Lon":"0","Confirmed":265928,"Deaths":7473,"Recovered":129095,"Active":129360,"Date":"2020-06-08T00:00:00Z"},{"Country":"India","CountryCode":"","Province":"","City":"","CityCode":"","Lat":"0","Lon":"0","Confirmed":276146,"Deaths":7750,"Recovered":134670,"Active":133726,"Date":"2020-06-09T00:00:00Z"},{"Country":"India","CountryCode":"","Province":"","City":"","CityCode":"","Lat":"0","Lon":"0","Confirmed":286605,"Deaths":8102,"Recovered":135206,"Active":143297,"Date":"2020-06-10T00:00:00Z"},{"Country":"India","CountryCode":"","Province":"","City":"","CityCode":"","Lat":"0","Lon":"0","Confirmed":297535,"Deaths":8498,"Recovered":147195,"Active":141842,"Date":"2020-06-11T00:00:00Z"},{"Country":"India","CountryCode":"","Province":"","City":"","CityCode":"","Lat":"0","Lon":"0","Confirmed":308993,"Deaths":8884,"Recovered":154330,"Active":145779,"Date":"2020-06-12T00:00:00Z"},{"Country":"India","CountryCode":"","Province":"","City":"","CityCode":"","Lat":"0","Lon":"0","Confirmed":320922,"Deaths":9195,"Recovered":162379,"Active":149348,"Date":"2020-06-13T00:00:00Z"},{"Country":"India","CountryCode":"","Province":"","City":"","CityCode":"","Lat":"0","Lon":"0","Confirmed":332424,"Deaths":9520,"Recovered":169798,"Active":153106,"Date":"2020-06-14T00:00:00Z"},{"Country":"India","CountryCode":"","Province":"","City":"","CityCode":"","Lat":"0","Lon":"0","Confirmed":343091,"Deaths":9900,"Recovered":180013,"Active":153178,"Date":"2020-06-15T00:00:00Z"},{"Country":"India","CountryCode":"","Province":"","City":"","CityCode":"","Lat":"0","Lon":"0","Confirmed":354065,"Deaths":11903,"Recovered":186935,"Active":155227,"Date":"2020-06-16T00:00:00Z"},{"Country":"India","CountryCode":"","Province":"","City":"","CityCode":"","Lat":"0","Lon":"0","Confirmed":366946,"Deaths":12237,"Recovered":194325,"Active":160384,"Date":"2020-06-17T00:00:00Z"},{"Country":"India","CountryCode":"","Province":"","City":"","CityCode":"","Lat":"0","Lon":"0","Confirmed":380532,"Deaths":12573,"Recovered":204711,"Active":163248,"Date":"2020-06-18T00:00:00Z"},{"Country":"India","CountryCode":"","Province":"","City":"","CityCode":"","Lat":"0","Lon":"0","Confirmed":395048,"Deaths":12948,"Recovered":213831,"Active":168269,"Date":"2020-06-19T00:00:00Z"},{"Country":"India","CountryCode":"","Province":"","City":"","CityCode":"","Lat":"0","Lon":"0","Confirmed":410451,"Deaths":13254,"Recovered":227728,"Active":169469,"Date":"2020-06-20T00:00:00Z"},{"Country":"India","CountryCode":"","Province":"","City":"","CityCode":"","Lat":"0","Lon":"0","Confirmed":425282,"Deaths":13699,"Recovered":237196,"Active":174387,"Date":"2020-06-21T00:00:00Z"},{"Country":"India","CountryCode":"","Province":"","City":"","CityCode":"","Lat":"0","Lon":"0","Confirmed":440215,"Deaths":14011,"Recovered":248190,"Active":178014,"Date":"2020-06-22T00:00:00Z"},{"Country":"India","CountryCode":"","Province":"","City":"","CityCode":"","Lat":"0","Lon":"0","Confirmed":456183,"Deaths":14476,"Recovered":258685,"Active":183022,"Date":"2020-06-23T00:00:00Z"},{"Country":"India","CountryCode":"","Province":"","City":"","CityCode":"","Lat":"0","Lon":"0","Confirmed":473105,"Deaths":14894,"Recovered":271697,"Active":186514,"Date":"2020-06-24T00:00:00Z"},{"Country":"India","CountryCode":"","Province":"","City":"","CityCode":"","Lat":"0","Lon":"0","Confirmed":490401,"Deaths":15301,"Recovered":285637,"Active":189463,"Date":"2020-06-25T00:00:00Z"},{"Country":"India","CountryCode":"","Province":"","City":"","CityCode":"","Lat":"0","Lon":"0","Confirmed":508953,"Deaths":15685,"Recovered":295881,"Active":197387,"Date":"2020-06-26T00:00:00Z"},{"Country":"India","CountryCode":"","Province":"","City":"","CityCode":"","Lat":"0","Lon":"0","Confirmed":528859,"Deaths":16095,"Recovered":309713,"Active":203051,"Date":"2020-06-27T00:00:00Z"},{"Country":"India","CountryCode":"","Province":"","City":"","CityCode":"","Lat":"0","Lon":"0","Confirmed":548318,"Deaths":16475,"Recovered":321723,"Active":210120,"Date":"2020-06-28T00:00:00Z"},{"Country":"India","CountryCode":"","Province":"","City":"","CityCode":"","Lat":"0","Lon":"0","Confirmed":566840,"Deaths":16893,"Recovered":334822,"Active":215125,"Date":"2020-06-29T00:00:00Z"},{"Country":"India","CountryCode":"","Province":"","City":"","CityCode":"","Lat":"0","Lon":"0","Confirmed":585481,"Deaths":17400,"Recovered":347912,"Active":220169,"Date":"2020-06-30T00:00:00Z"},{"Country":"India","CountryCode":"","Province":"","City":"","CityCode":"","Lat":"0","Lon":"0","Confirmed":604641,"Deaths":17834,"Recovered":359860,"Active":226947,"Date":"2020-07-01T00:00:00Z"},{"Country":"India","CountryCode":"","Province":"","City":"","CityCode":"","Lat":"0","Lon":"0","Confirmed":625544,"Deaths":18213,"Recovered":379892,"Active":227439,"Date":"2020-07-02T00:00:00Z"},{"Country":"India","CountryCode":"","Province":"","City":"","CityCode":"","Lat":"0","Lon":"0","Confirmed":648315,"Deaths":18655,"Recovered":394227,"Active":235433,"Date":"2020-07-03T00:00:00Z"},{"Country":"India","CountryCode":"","Province":"","City":"","CityCode":"","Lat":"0","Lon":"0","Confirmed":673165,"Deaths":19268,"Recovered":409083,"Active":244814,"Date":"2020-07-04T00:00:00Z"},{"Country":"India","CountryCode":"","Province":"","City":"","CityCode":"","Lat":"0","Lon":"0","Confirmed":697413,"Deaths":19693,"Recovered":424433,"Active":253287,"Date":"2020-07-05T00:00:00Z"},{"Country":"India","CountryCode":"","Province":"","City":"","CityCode":"","Lat":"0","Lon":"0","Confirmed":719664,"Deaths":20159,"Recovered":439934,"Active":259571,"Date":"2020-07-06T00:00:00Z"},{"Country":"India","CountryCode":"","Province":"","City":"","CityCode":"","Lat":"0","Lon":"0","Confirmed":742417,"Deaths":20642,"Recovered":456831,"Active":264944,"Date":"2020-07-07T00:00:00Z"},{"Country":"India","CountryCode":"","Province":"","City":"","CityCode":"","Lat":"0","Lon":"0","Confirmed":767296,"Deaths":21129,"Recovered":476378,"Active":269789,"Date":"2020-07-08T00:00:00Z"},{"Country":"India","CountryCode":"","Province":"","City":"","CityCode":"","Lat":"0","Lon":"0","Confirmed":793802,"Deaths":21604,"Recovered":495513,"Active":276685,"Date":"2020-07-09T00:00:00Z"},{"Country":"India","CountryCode":"","Province":"","City":"","CityCode":"","Lat":"0","Lon":"0","Confirmed":820916,"Deaths":22123,"Recovered":515386,"Active":283407,"Date":"2020-07-10T00:00:00Z"},{"Country":"India","CountryCode":"","Province":"","City":"","CityCode":"","Lat":"0","Lon":"0","Confirmed":849522,"Deaths":22673,"Recovered":534618,"Active":292231,"Date":"2020-07-11T00:00:00Z"},{"Country":"India","CountryCode":"","Province":"","City":"","CityCode":"","Lat":"0","Lon":"0","Confirmed":878254,"Deaths":23174,"Recovered":553471,"Active":301609,"Date":"2020-07-12T00:00:00Z"},{"Country":"India","CountryCode":"","Province":"","City":"","CityCode":"","Lat":"0","Lon":"0","Confirmed":906752,"Deaths":23727,"Recovered":571460,"Active":311565,"Date":"2020-07-13T00:00:00Z"},{"Country":"India","CountryCode":"","Province":"","City":"","CityCode":"","Lat":"0","Lon":"0","Confirmed":936181,"Deaths":24309,"Recovered":592032,"Active":319840,"Date":"2020-07-14T00:00:00Z"},{"Country":"India","CountryCode":"","Province":"","City":"","CityCode":"","Lat":"0","Lon":"0","Confirmed":968857,"Deaths":24914,"Recovered":612768,"Active":331175,"Date":"2020-07-15T00:00:00Z"},{"Country":"India","CountryCode":"","Province":"","City":"","CityCode":"","Lat":"0","Lon":"0","Confirmed":1003832,"Deaths":25602,"Recovered":635757,"Active":342473,"Date":"2020-07-16T00:00:00Z"},{"Country":"India","CountryCode":"","Province":"","City":"","CityCode":"","Lat":"0","Lon":"0","Confirmed":1039084,"Deaths":26273,"Recovered":653751,"Active":359060,"Date":"2020-07-17T00:00:00Z"},{"Country":"India","CountryCode":"","Province":"","City":"","CityCode":"","Lat":"0","Lon":"0","Confirmed":1077781,"Deaths":26816,"Recovered":677423,"Active":373542,"Date":"2020-07-18T00:00:00Z"},{"Country":"India","CountryCode":"","Province":"","City":"","CityCode":"","Lat":"0","Lon":"0","Confirmed":1118206,"Deaths":27497,"Recovered":700087,"Active":390622,"Date":"2020-07-19T00:00:00Z"},{"Country":"India","CountryCode":"","Province":"","City":"","CityCode":"","Lat":"0","Lon":"0","Confirmed":1155338,"Deaths":28082,"Recovered":724578,"Active":402678,"Date":"2020-07-20T00:00:00Z"},{"Country":"India","CountryCode":"","Province":"","City":"","CityCode":"","Lat":"0","Lon":"0","Confirmed":1193078,"Deaths":28732,"Recovered":753050,"Active":411296,"Date":"2020-07-21T00:00:00Z"},{"Country":"India","CountryCode":"","Province":"","City":"","CityCode":"","Lat":"0","Lon":"0","Confirmed":1238798,"Deaths":29861,"Recovered":782607,"Active":426330,"Date":"2020-07-22T00:00:00Z"},{"Country":"India","CountryCode":"","Province":"","City":"","CityCode":"","Lat":"0","Lon":"0","Confirmed":1288108,"Deaths":30601,"Recovered":817209,"Active":440298,"Date":"2020-07-23T00:00:00Z"},{"Country":"India","CountryCode":"","Province":"","City":"","CityCode":"","Lat":"0","Lon":"0","Confirmed":1337024,"Deaths":31358,"Recovered":849432,"Active":456234,"Date":"2020-07-24T00:00:00Z"},{"Country":"India","CountryCode":"","Province":"","City":"","CityCode":"","Lat":"0","Lon":"0","Confirmed":1385635,"Deaths":32060,"Recovered":885573,"Active":468002,"Date":"2020-07-25T00:00:00Z"},{"Country":"India","CountryCode":"","Province":"","City":"","CityCode":"","Lat":"0","Lon":"0","Confirmed":1435616,"Deaths":32771,"Recovered":917568,"Active":485277,"Date":"2020-07-26T00:00:00Z"},{"Country":"India","CountryCode":"","Province":"","City":"","CityCode":"","Lat":"0","Lon":"0","Confirmed":1480073,"Deaths":33408,"Recovered":951166,"Active":495499,"Date":"2020-07-27T00:00:00Z"},{"Country":"India","CountryCode":"","Province":"","City":"","CityCode":"","Lat":"0","Lon":"0","Confirmed":1531669,"Deaths":34193,"Recovered":988029,"Active":509447,"Date":"2020-07-28T00:00:00Z"},{"Country":"India","CountryCode":"","Province":"","City":"","CityCode":"","Lat":"0","Lon":"0","Confirmed":1581963,"Deaths":34955,"Recovered":1019735,"Active":527273,"Date":"2020-07-29T00:00:00Z"},{"Country":"India","CountryCode":"","Province":"","City":"","CityCode":"","Lat":"0","Lon":"0","Confirmed":1634746,"Deaths":35718,"Recovered":1055348,"Active":543680,"Date":"2020-07-30T00:00:00Z"},{"Country":"India","CountryCode":"","Province":"","City":"","CityCode":"","Lat":"0","Lon":"0","Confirmed":1695988,"Deaths":36511,"Recovered":1094374,"Active":565103,"Date":"2020-07-31T00:00:00Z"},{"Country":"India","CountryCode":"","Province":"","City":"","CityCode":"","Lat":"0","Lon":"0","Confirmed":1750723,"Deaths":37364,"Recovered":1145629,"Active":567730,"Date":"2020-08-01T00:00:00Z"},{"Country":"India","CountryCode":"","Province":"","City":"","CityCode":"","Lat":"0","Lon":"0","Confirmed":1803695,"Deaths":38135,"Recovered":1186203,"Active":579357,"Date":"2020-08-02T00:00:00Z"},{"Country":"India","CountryCode":"","Province":"","City":"","CityCode":"","Lat":"0","Lon":"0","Confirmed":1855745,"Deaths":38938,"Recovered":1230509,"Active":586298,"Date":"2020-08-03T00:00:00Z"},{"Country":"India","CountryCode":"","Province":"","City":"","CityCode":"","Lat":"0","Lon":"0","Confirmed":1908254,"Deaths":39795,"Recovered":1282215,"Active":586244,"Date":"2020-08-04T00:00:00Z"},{"Country":"India","CountryCode":"","Province":"","City":"","CityCode":"","Lat":"0","Lon":"0","Confirmed":1964536,"Deaths":40699,"Recovered":1328336,"Active":595501,"Date":"2020-08-05T00:00:00Z"},{"Country":"India","CountryCode":"","Province":"","City":"","CityCode":"","Lat":"0","Lon":"0","Confirmed":2027074,"Deaths":41585,"Recovered":1378105,"Active":607384,"Date":"2020-08-06T00:00:00Z"},{"Country":"India","CountryCode":"","Province":"","City":"","CityCode":"","Lat":"0","Lon":"0","Confirmed":2088611,"Deaths":42518,"Recovered":1427005,"Active":619088,"Date":"2020-08-07T00:00:00Z"},{"Country":"India","CountryCode":"","Province":"","City":"","CityCode":"","Lat":"0","Lon":"0","Confirmed":2153010,"Deaths":43379,"Recovered":1480884,"Active":628747,"Date":"2020-08-08T00:00:00Z"},{"Country":"India","CountryCode":"","Province":"","City":"","CityCode":"","Lat":"0","Lon":"0","Confirmed":2215074,"Deaths":44386,"Recovered":1535743,"Active":634945,"Date":"2020-08-09T00:00:00Z"},{"Country":"India","CountryCode":"","Province":"","City":"","CityCode":"","Lat":"0","Lon":"0","Confirmed":2268675,"Deaths":45257,"Recovered":1583489,"Active":639929,"Date":"2020-08-10T00:00:00Z"},{"Country":"India","CountryCode":"","Province":"","City":"","CityCode":"","Lat":"0","Lon":"0","Confirmed":2329638,"Deaths":46091,"Recovered":1639599,"Active":643948,"Date":"2020-08-11T00:00:00Z"},{"Country":"India","CountryCode":"","Province":"","City":"","CityCode":"","Lat":"0","Lon":"0","Confirmed":2396637,"Deaths":47033,"Recovered":1695982,"Active":653622,"Date":"2020-08-12T00:00:00Z"},{"Country":"India","CountryCode":"","Province":"","City":"","CityCode":"","Lat":"0","Lon":"0","Confirmed":2461190,"Deaths":48040,"Recovered":1751555,"Active":661595,"Date":"2020-08-13T00:00:00Z"},{"Country":"India","CountryCode":"","Province":"","City":"","CityCode":"","Lat":"0","Lon":"0","Confirmed":2525922,"Deaths":49036,"Recovered":1808936,"Active":667950,"Date":"2020-08-14T00:00:00Z"},{"Country":"India","CountryCode":"","Province":"","City":"","CityCode":"","Lat":"0","Lon":"0","Confirmed":2589952,"Deaths":49980,"Recovered":1862258,"Active":677714,"Date":"2020-08-15T00:00:00Z"},{"Country":"India","CountryCode":"","Province":"","City":"","CityCode":"","Lat":"0","Lon":"0","Confirmed":2647663,"Deaths":50921,"Recovered":1919842,"Active":676900,"Date":"2020-08-16T00:00:00Z"},{"Country":"India","CountryCode":"","Province":"","City":"","CityCode":"","Lat":"0","Lon":"0","Confirmed":2702681,"Deaths":51797,"Recovered":1977671,"Active":673213,"Date":"2020-08-17T00:00:00Z"},{"Country":"India","CountryCode":"","Province":"","City":"","CityCode":"","Lat":"0","Lon":"0","Confirmed":2767253,"Deaths":52888,"Recovered":2037816,"Active":676549,"Date":"2020-08-18T00:00:00Z"},{"Country":"India","CountryCode":"","Province":"","City":"","CityCode":"","Lat":"0","Lon":"0","Confirmed":2836925,"Deaths":53866,"Recovered":2096664,"Active":686395,"Date":"2020-08-19T00:00:00Z"},{"Country":"India","CountryCode":"","Province":"","City":"","CityCode":"","Lat":"0","Lon":"0","Confirmed":2905825,"Deaths":54849,"Recovered":2158946,"Active":692030,"Date":"2020-08-20T00:00:00Z"},{"Country":"India","CountryCode":"","Province":"","City":"","CityCode":"","Lat":"0","Lon":"0","Confirmed":2975701,"Deaths":55794,"Recovered":2222577,"Active":697330,"Date":"2020-08-21T00:00:00Z"},{"Country":"India","CountryCode":"","Province":"","City":"","CityCode":"","Lat":"0","Lon":"0","Confirmed":3044940,"Deaths":56706,"Recovered":2280566,"Active":707668,"Date":"2020-08-22T00:00:00Z"},{"Country":"India","CountryCode":"","Province":"","City":"","CityCode":"","Lat":"0","Lon":"0","Confirmed":3106348,"Deaths":57542,"Recovered":2338035,"Active":710771,"Date":"2020-08-23T00:00:00Z"}]
